Workbook

Sheet Theoretical BOM
A1: AEROSOL BILL OF MATERIALS — Customer-Specific
A2: P.ID | B2: BOM ID | C2: Customer | D2: Product Name | E2: Dia | F2: Material Group | G2: Item ID | H2: Item Name | I2: UOM | J2: Net Qty / 1000 | K2: Waste + Tolerance | L2: Gross Qty / 1000 | M2: Remarks | N2: Calculations
A3: 9001 | B3: 100 | C3: Aerosol Customer | D3: Aerosol Can 45mm | E3: 45 | F3: Aluminum Slugs | G3: 501 | H3: 45mm Aluminum Slug | I3: kg | J3: 20 | K3: 0.1 | L3: =J3/(1-K3) -> 22.222222 | M3: Aluminum disc pressed into can shape. 20g per slug. 100% solid, nothing evaporates. | N3: Slug weight per can × 1000. Fixed material input.
A4: 9001 | B4: 100 | C4: Aerosol Customer | D4: Aerosol Can 45mm | E4: 45 | F4: Lubricant | G4: 502 | H4: SAPILUB LUBRIMET GR8 | I4: kg | J4: 0.021 | K4: 0.1 | L4: =J4/(1-K4) -> 0.023333333 | M4: Slug lubricant. TDS: 105g per 100kg slugs. Burns off during wash, none stays on can. | N4: 105g per 100kg slugs × 20kg slugs/1000 = 0.021 kg/1000. (Ref: LUBRIMET GR8 TDS)
A5: 9001 | B5: 100 | C5: Aerosol Customer | D5: Aerosol Can 45mm | E5: 45 | F5: Cleaner | G5: 503 | H5: SAPILUB ALULIQUID 13 | I5: kg | J5: 5 | K5: 0.1 | L5: =J5/(1-K5) -> 5.5555556 | M5: Post-press wash chemical. No TDS rate; 5 kg/1000 is empirical. Fully drains off. | N5: Empirical / supplier recommendation. No TDS rate available.
A6: 9001 | B6: 100 | C6: Aerosol Customer | D6: Aerosol Can 45mm | E6: 45 | F6: Lacquer | G6: 504 | H6: SCHEKOSOL INT PROT Gold (400 9 901) | I6: kg | J6: 1.045 | K6: 0.35 | L6: =J6/(1-K6) -> 1.6076923 | M6: Internal spray lacquer. TDS: 36% solid, 64% evaporates. Wet film 44 g/m2 (high-end). ~0.38g stays, ~0.67g evaporates per can. BOM uses full wet weight. | N6: Can inner surface area (0.02375 m²) × High-end TDS wet film (44.0 g/m²) = 1.045 g/can = 1.045 kg/1000
A7: 9001 | B7: 100 | C7: Aerosol Customer | D7: Aerosol Can 45mm | E7: 45 | F7: Lacquer | G7: 505 | H7: SCHEKOSOL INT BEIGE (400 4 902) | I7: kg | J7: 1.14 | K7: 0.35 | L7: =J7/(1-K7) -> 1.7538462 | M7: Internal spray lacquer. TDS: 38% solid, 62% evaporates. Wet film 48 g/m2 (high-end). ~0.43g stays, ~0.71g evaporates per can. BOM uses full wet weight. | N7: Can inner surface area (0.02375 m²) × High-end TDS wet film (48.0 g/m²) = 1.140 g/can = 1.140 kg/1000
A8: 9001 | B8: 100 | C8: Aerosol Customer | D8: Aerosol Can 45mm | E8: 45 | F8: Base Coat | G8: 506 | H8: SCHEKOSOL WH BC (422 0 903) | I8: kg | J8: 0.973 | K8: 0.1 | L8: =J8/(1-K8) -> 1.0811111 | M8: External roller base coat. TDS: 71% solid, 29% evaporates. Wet film 43 g/m2 (high-end). ~0.69g stays, ~0.28g evaporates per can. BOM uses full wet weight. | N8: Can outer surface area (0.02262 m²) × High-end TDS wet film (43.0 g/m²) = 0.973 g/can = 0.973 kg/1000
A9: 9001 | B9: 100 | C9: Aerosol Customer | D9: Aerosol Can 45mm | E9: 45 | F9: Base Coat | G9: 507 | H9: SCHEKOSOL CLEAR BC (422 9 918) | I9: kg | J9: 0.701 | K9: 0.1 | L9: =J9/(1-K9) -> 0.77888889 | M9: External roller base coat. TDS: 51% solid, 49% evaporates. Wet film 31 g/m2 (high-end). ~0.36g stays, ~0.34g evaporates per can. BOM uses full wet weight. | N9: Can outer surface area (0.02262 m²) × High-end TDS wet film (31.0 g/m²) = 0.701 g/can = 0.701 kg/1000
A10: 9001 | B10: 100 | C10: Aerosol Customer | D10: Aerosol Can 45mm | E10: 45 | F10: Varnish | G10: 508 | H10: SCHEKOSOL OPV GLOSSY (422 9 900) | I10: kg | J10: 0.43 | K10: 0.1 | L10: =J10/(1-K10) -> 0.47777778 | M10: External roller varnish. TDS: 43% solid, 57% evaporates. Wet film 19 g/m2 (high-end). ~0.18g stays, ~0.25g evaporates per can. BOM uses full wet weight. | N10: Can outer surface area (0.02262 m²) × High-end TDS wet film (19.0 g/m²) = 0.430 g/can = 0.430 kg/1000
A11: 9001 | B11: 100 | C11: Aerosol Customer | D11: Aerosol Can 45mm | E11: 45 | F11: Varnish | G11: 509 | H11: SCHEKOSOL OPV SILKMATT (422 9 903) | I11: kg | J11: 0.385 | K11: 0.1 | L11: =J11/(1-K11) -> 0.42777778 | M11: External roller varnish. TDS: 47% solid, 53% evaporates. Wet film 17 g/m2 (high-end). ~0.18g stays, ~0.20g evaporates per can. BOM uses full wet weight. | N11: Can outer surface area (0.02262 m²) × High-end TDS wet film (17.0 g/m²) = 0.385 g/can = 0.385 kg/1000
A12: 9001 | B12: 100 | C12: Aerosol Customer | D12: Aerosol Can 45mm | E12: 45 | F12: Ink | G12: 510 | H12: SunAltec MB PLUS 169766 OPAQUE WHITE | I12: kg | J12: 0.28 | K12: 0.1 | L12: =J12/(1-K12) -> 0.31111111 | M12: UV ink, ~100% solid (cures under UV, no solvent). ~0.28g per can per color. Usage varies by design. | N12: Dry-offset ink per print station per can ≈ 0.28 g/can = 0.280 kg/1000.
A13: 9001 | B13: 100 | C13: Aerosol Customer | D13: Aerosol Can 45mm | E13: 45 | F13: Ink | G13: 599 | H13: 11069 UV INK YELLOW (168391) AEROSOL | I13: kg | J13: 0.28 | K13: 0.1 | L13: =J13/(1-K13) -> 0.31111111 | M13: UV ink, ~100% solid (cures under UV, no solvent). ~0.28g per can per color. Usage varies by design. | N13: Dry-offset ink per print station per can ≈ 0.28 g/can = 0.280 kg/1000.
A14: 9001 | B14: 100 | C14: Aerosol Customer | D14: Aerosol Can 45mm | E14: 45 | F14: Ink | G14: 600 | H14: 11070 UV INK MAGENTA (168396) AEROSOL | I14: kg | J14: 0.28 | K14: 0.1 | L14: =J14/(1-K14) -> 0.31111111 | M14: UV ink, ~100% solid (cures under UV, no solvent). ~0.28g per can per color. Usage varies by design. | N14: Dry-offset ink per print station per can ≈ 0.28 g/can = 0.280 kg/1000.
... A23: 9001 | B23: 100 | C23: Aerosol Customer | D23: Aerosol Can 45mm | E23: 45 | F23: Ink | G23: 609 | H23: 11075 UV INK OPAQUE WHITE (400050) AEROSOL | I23: kg | J23: 0.28 | K23: 0.1 | L23: =J23/(1-K23) -> 0.31111111 | M23: UV ink, ~100% solid (cures under UV, no solvent). ~0.28g per can per color. Usage varies by design. | N23: Dry-offset ink per print station per can ≈ 0.28 g/can = 0.280 kg/1000.

Sheet Required Spec for BOM
A1: Sr.No | B1: Parameter | C1: Standard Specification
A2: 1 | B2: Can Type | C2: Necked-in or Straight Wall
A3: =A2+1 -> 2 | B3: Can Diameter | C3: mm
A4: =A3+1 -> 3 | B4: Can Height | C4: mm
A5: =A4+1 -> 4 | B5: Neck Opening | C5: mm
A6: =A5+1 -> 5 | B6: Wall Thickness | C6: mm
A7: =A6+1 -> 6 | B7: Cone Thickness | C7: mm
A8: =A7+1 -> 7 | B8: Dome Thickness | C8: mm
A9: =A8+1 -> 8 | B9: Bottom Type | C9: Dome
A10: =A9+1 -> 9 | B10: Brimful Capacity | C10: ML
A11: =A10+1 -> 10 | B11: Can weight | C11: gm
A12: =A11+1 -> 11 | B12: Quantity per Pallet/Carton | C12: pcs
A13: =A12+1 -> 12 | B13: Internal Coating Type | C13: BEIGE Epoxy-phenolic, Gold lacquer
A14: =A13+1 -> 13 | B14: Base Coat Color | C14: White/ Golden/Any other color
... A19: =A18+1 -> 18 | B19: Mode Of Packaging | C19: Pallet or Carton

Sheet Req. Calculator
A1: AEROSOL BILL OF MATERIALS — Material Requirement Calculator
A2: Target Production Qty (Cans): | D2: 750000
A3: # | B3: Item Name | C3: Material Group | D3: UOM | E3: Per 1,000 Cans | F3: Waste % | G3: Net Required (kg) | H3: Net+Waste Gross Required (kg)
A4: 1 | B4: ='Theoretical BOM'!H3 -> 45mm Aluminum Slug | C4: ='Theoretical BOM'!F3 -> Aluminum Slugs | D4: ='Theoretical BOM'!I3 -> kg | E4: ='Theoretical BOM'!J3 -> 20 | F4: ='Theoretical BOM'!K3 -> 0.1 | G4: =(D$2/1000)*E4 -> 15000 | H4: =(D$2/1000)*'Theoretical BOM'!L3 -> 16666.667
A5: 2 | B5: ='Theoretical BOM'!H4 -> SAPILUB LUBRIMET GR8 | C5: ='Theoretical BOM'!F4 -> Lubricant | D5: ='Theoretical BOM'!I4 -> kg | E5: ='Theoretical BOM'!J4 -> 0.021 | F5: ='Theoretical BOM'!K4 -> 0.1 | G5: =(D$2/1000)*E5 -> 15.75 | H5: =(D$2/1000)*'Theoretical BOM'!L4 -> 17.5
A6: 3 | B6: ='Theoretical BOM'!H5 -> SAPILUB ALULIQUID 13 | C6: ='Theoretical BOM'!F5 -> Cleaner | D6: ='Theoretical BOM'!I5 -> kg | E6: ='Theoretical BOM'!J5 -> 5 | F6: ='Theoretical BOM'!K5 -> 0.1 | G6: =(D$2/1000)*E6 -> 3750 | H6: =(D$2/1000)*'Theoretical BOM'!L5 -> 4166.6667
A7: 4 | B7: ='Theoretical BOM'!H6 -> SCHEKOSOL INT PROT Gold (400 9 901) | C7: ='Theoretical BOM'!F6 -> Lacquer | D7: ='Theoretical BOM'!I6 -> kg | E7: ='Theoretical BOM'!J6 -> 1.045 | F7: ='Theoretical BOM'!K6 -> 0.35 | G7: =(D$2/1000)*E7 -> 783.75 | H7: =(D$2/1000)*'Theoretical BOM'!L6 -> 1205.7692
A8: 5 | B8: ='Theoretical BOM'!H7 -> SCHEKOSOL INT BEIGE (400 4 902) | C8: ='Theoretical BOM'!F7 -> Lacquer | D8: ='Theoretical BOM'!I7 -> kg | E8: ='Theoretical BOM'!J7 -> 1.14 | F8: ='Theoretical BOM'!K7 -> 0.35 | G8: =(D$2/1000)*E8 -> 855 | H8: =(D$2/1000)*'Theoretical BOM'!L7 -> 1315.3846
A9: 6 | B9: ='Theoretical BOM'!H8 -> SCHEKOSOL WH BC (422 0 903) | C9: ='Theoretical BOM'!F8 -> Base Coat | D9: ='Theoretical BOM'!I8 -> kg | E9: ='Theoretical BOM'!J8 -> 0.973 | F9: ='Theoretical BOM'!K8 -> 0.1 | G9: =(D$2/1000)*E9 -> 729.75 | H9: =(D$2/1000)*'Theoretical BOM'!L8 -> 810.83333
A10: 7 | B10: ='Theoretical BOM'!H9 -> SCHEKOSOL CLEAR BC (422 9 918) | C10: ='Theoretical BOM'!F9 -> Base Coat | D10: ='Theoretical BOM'!I9 -> kg | E10: ='Theoretical BOM'!J9 -> 0.701 | F10: ='Theoretical BOM'!K9 -> 0.1 | G10: =(D$2/1000)*E10 -> 525.75 | H10: =(D$2/1000)*'Theoretical BOM'!L9 -> 584.16667
A11: 8 | B11: ='Theoretical BOM'!H10 -> SCHEKOSOL OPV GLOSSY (422 9 900) | C11: ='Theoretical BOM'!F10 -> Varnish | D11: ='Theoretical BOM'!I10 -> kg | E11: ='Theoretical BOM'!J10 -> 0.43 | F11: ='Theoretical BOM'!K10 -> 0.1 | G11: =(D$2/1000)*E11 -> 322.5 | H11: =(D$2/1000)*'Theoretical BOM'!L10 -> 358.33333
A12: 9 | B12: ='Theoretical BOM'!H11 -> SCHEKOSOL OPV SILKMATT (422 9 903) | C12: ='Theoretical BOM'!F11 -> Varnish | D12: ='Theoretical BOM'!I11 -> kg | E12: ='Theoretical BOM'!J11 -> 0.385 | F12: ='Theoretical BOM'!K11 -> 0.1 | G12: =(D$2/1000)*E12 -> 288.75 | H12: =(D$2/1000)*'Theoretical BOM'!L11 -> 320.83333
A13: 10 | B13: ='Theoretical BOM'!H12 -> SunAltec MB PLUS 169766 OPAQUE WHITE | C13: ='Theoretical BOM'!F12 -> Ink | D13: ='Theoretical BOM'!I12 -> kg | E13: ='Theoretical BOM'!J12 -> 0.28 | F13: ='Theoretical BOM'!K12 -> 0.1 | G13: =(D$2/1000)*E13 -> 210 | H13: =(D$2/1000)*'Theoretical BOM'!L12 -> 233.33333
A14: 11 | B14: ='Theoretical BOM'!H13 -> 11069 UV INK YELLOW (168391) AEROSOL | C14: ='Theoretical BOM'!F13 -> Ink | D14: ='Theoretical BOM'!I13 -> kg | E14: ='Theoretical BOM'!J13 -> 0.28 | F14: ='Theoretical BOM'!K13 -> 0.1 | G14: =(D$2/1000)*E14 -> 210 | H14: =(D$2/1000)*'Theoretical BOM'!L13 -> 233.33333
A15: 12 | B15: ='Theoretical BOM'!H14 -> 11070 UV INK MAGENTA (168396) AEROSOL | C15: ='Theoretical BOM'!F14 -> Ink | D15: ='Theoretical BOM'!I14 -> kg | E15: ='Theoretical BOM'!J14 -> 0.28 | F15: ='Theoretical BOM'!K14 -> 0.1 | G15: =(D$2/1000)*E15 -> 210 | H15: =(D$2/1000)*'Theoretical BOM'!L14 -> 233.33333
... A24: 21 | B24: ='Theoretical BOM'!H23 -> 11075 UV INK OPAQUE WHITE (400050) AEROSOL | C24: ='Theoretical BOM'!F23 -> Ink | D24: ='Theoretical BOM'!I23 -> kg | E24: ='Theoretical BOM'!J23 -> 0.28 | F24: ='Theoretical BOM'!K23 -> 0.1 | G24: =(D$2/1000)*E24 -> 210 | H24: =(D$2/1000)*'Theoretical BOM'!L23 -> 233.33333
A25: TOTAL (all materials combined) | G25: =SUM(G4:G24) -> 24791.25 | H25: =SUM(H4:H24) -> 28246.154
